<root>
<Entry id="100K_RAT" class="STANDARD" mtype="PRT" seqlen="889">
 <AC>Q62671</AC>
 <Mod date="01-NOV-1997" Rel="35" type="Created"></Mod>
 <Mod date="01-NOV-1997" Rel="35" type="Last sequence update"></Mod>
 <Mod date="15-JUL-1999" Rel="38" type="Last annotation update"></Mod>
 <Descr>100 KDA PROTEIN (EC 6.3.2.-)</Descr>
 <Species>Rattus norvegicus (Rat)</Species>
 <Org>Eukaryota</Org>
 <Org>Metazoa</Org>
 <Org>Chordata</Org>
 <Org>Craniata</Org>
 <Org>Vertebrata</Org>
 <Org>Euteleostomi</Org>
 <Org>Mammalia</Org>
 <Org>Eutheria</Org>
 <Org>Rodentia</Org>
 <Org>Sciurognathi</Org>
 <Org>Muridae</Org>
 <Org>Murinae</Org>
 <Org>Rattus</Org>
 <Ref num="1" pos="SEQUENCE FROM N.A">
  <Comment>STRAIN=WISTAR</Comment>
  <Comment>TISSUE=TESTIS</Comment>
  <DB>MEDLINE</DB>
  <MedlineID>92253337</MedlineID>
  <Author>Mueller D</Author>
  <Author>Rehbein M</Author>
  <Author>Baumeister H</Author>
  <Author>Richter D</Author>
  <Cite>Nucleic Acids Res. 20:1471-1475(1992)</Cite>
 </Ref>
 <Ref num="2" pos="ERRATUM">
  <Author>Mueller D</Author>
  <Author>Rehbein M</Author>
  <Author>Baumeister H</Author>
  <Author>Richter D</Author>
  <Cite>Nucleic Acids Res. 20:2624-2624(1992)</Cite>
 </Ref>
 <EMBL prim_id="X64411" sec_id="CAA45756"></EMBL>
 <INTERPRO prim_id="IPR000569" sec_id="-"></INTERPRO>
 <INTERPRO prim_id="IPR002004" sec_id="-"></INTERPRO>
 <PFAM prim_id="PF00632" sec_id="HECT" status="1"></PFAM>
 <PFAM prim_id="PF00658" sec_id="PABP" status="1"></PFAM>
 <Keyword>Ubiquitin conjugation</Keyword>
 <Keyword>Ligase</Keyword>
 <Features>
  <DOMAIN from="77" to="88">
   <Descr>ASP/GLU-RICH (ACIDIC)</Descr>
  </DOMAIN>
  <DOMAIN from="127" to="150">
   <Descr>PRO-RICH</Descr>
  </DOMAIN>
  <DOMAIN from="420" to="439">
   <Descr>ARG/GLU-RICH (MIXED CHARGE)</Descr>
  </DOMAIN>
  <DOMAIN from="448" to="457">
   <Descr>ARG/ASP-RICH (MIXED CHARGE)</Descr>
  </DOMAIN>
  <DOMAIN from="485" to="514">
   <Descr>PABP-LIKE</Descr>
  </DOMAIN>
  <DOMAIN from="579" to="590">
   <Descr>ASP/GLU-RICH (ACIDIC)</Descr>
  </DOMAIN>
  <DOMAIN from="786" to="889">
   <Descr>HECT DOMAIN</Descr>
  </DOMAIN>
  <DOMAIN from="827" to="847">
   <Descr>PRO-RICH</Descr>
  </DOMAIN>
  <BINDING from="858" to="858">
   <Descr>UBIQUITIN (BY SIMILARITY)</Descr>
  </BINDING>
 </Features>
</Entry>
<Entry id="104K_THEPA" class="STANDARD" mtype="PRT" seqlen="924">
 <AC>P15711</AC>
 <Mod date="01-APR-1990" Rel="14" type="Created"></Mod>
 <Mod date="01-APR-1990" Rel="14" type="Last sequence update"></Mod>
 <Mod date="01-AUG-1992" Rel="23" type="Last annotation update"></Mod>
 <Descr>104 KDA MICRONEME-RHOPTRY ANTIGEN</Descr>
 <Species>Theileria parva</Species>
 <Org>Eukaryota</Org>
 <Org>Alveolata</Org>
 <Org>Apicomplexa</Org>
 <Org>Piroplasmida</Org>
 <Org>Theileriidae</Org>
 <Org>Theileria</Org>
 <Ref num="1" pos="SEQUENCE FROM N.A">
  <Comment>STRAIN=MUGUGA</Comment>
  <DB>MEDLINE</DB>
  <MedlineID>90158697</MedlineID>
  <Author>Iams K.P</Author>
  <Author>Young J.R</Author>
  <Author>Nene V</Author>
  <Author>Desai J</Author>
  <Author>Webster P</Author>
  <Author>Ole-Moiyoi O.K</Author>
  <Author>Musoke A.J</Author>
  <Cite>Mol. Biochem. Parasitol. 39:47-60(1990)</Cite>
 </Ref>
 <EMBL prim_id="M29954" sec_id="AAA18217"></EMBL>
 <PIR prim_id="A44945" sec_id="A44945"></PIR>
 <Keyword>Antigen</Keyword>
 <Keyword>Sporozoite</Keyword>
 <Keyword>Repeat</Keyword>
 <Features>
  <DOMAIN from="1" to="19">
   <Descr>HYDROPHOBIC</Descr>
  </DOMAIN>
  <DOMAIN from="905" to="924">
   <Descr>HYDROPHOBIC</Descr>
  </DOMAIN>
 </Features>
</Entry>
<Entry id="108_LYCES" class="STANDARD" mtype="PRT" seqlen="102">
 <AC>Q43495</AC>
 <Mod date="15-JUL-1999" Rel="38" type="Created"></Mod>
 <Mod date="15-JUL-1999" Rel="38" type="Last sequence update"></Mod>
 <Mod date="15-JUL-1999" Rel="38" type="Last annotation update"></Mod>
 <Descr>PROTEIN 108 PRECURSOR</Descr>
 <Species>Lycopersicon esculentum (Tomato)</Species>
 <Org>Eukaryota</Org>
 <Org>Viridiplantae</Org>
 <Org>Embryophyta</Org>
 <Org>Tracheophyta</Org>
 <Org>Spermatophyta</Org>
 <Org>Magnoliophyta</Org>
 <Org>eudicotyledons</Org>
 <Org>Asteridae</Org>
 <Org>euasterids I</Org>
 <Org>Solanales</Org>
 <Org>Solanaceae</Org>
 <Org>Solanum</Org>
 <Ref num="1" pos="SEQUENCE FROM N.A">
  <Comment>STRAIN=CV. VF36</Comment>
  <Comment>TISSUE=ANTHER</Comment>
  <DB>MEDLINE</DB>
  <MedlineID>94143497</MedlineID>
  <Author>Chen R</Author>
  <Author>Smith A.G</Author>
  <Cite>Plant Physiol. 101:1413-1413(1993)</Cite>
 </Ref>
 <EMBL prim_id="Z14088" sec_id="CAA78466"></EMBL>
 <MENDEL prim_id="8853" sec_id="LYCes" status="1133"></MENDEL>
 <Keyword>Signal</Keyword>
 <Features>
  <SIGNAL from="1" to="30">
   <Descr>POTENTIAL</Descr>
  </SIGNAL>
  <CHAIN from="31" to="102">
   <Descr>PROTEIN 108</Descr>
  </CHAIN>
  <DISULFID from="41" to="77">
   <Descr>BY SIMILARITY</Descr>
  </DISULFID>
  <DISULFID from="51" to="66">
   <Descr>BY SIMILARITY</Descr>
  </DISULFID>
  <DISULFID from="67" to="92">
   <Descr>BY SIMILARITY</Descr>
  </DISULFID>
  <DISULFID from="79" to="99">
   <Descr>BY SIMILARITY</Descr>
  </DISULFID>
 </Features>
</Entry>
<Entry id="10KD_VIGUN" class="STANDARD" mtype="PRT" seqlen="75">
 <AC>P18646</AC>
 <Mod date="01-NOV-1990" Rel="16" type="Created"></Mod>
 <Mod date="01-NOV-1990" Rel="16" type="Last sequence update"></Mod>
 <Mod date="01-FEB-1995" Rel="31" type="Last annotation update"></Mod>
 <Descr>10 KDA PROTEIN PRECURSOR (CLONE PSAS10)</Descr>
 <Species>Vigna unguiculata (Cowpea)</Species>
 <Org>Eukaryota</Org>
 <Org>Viridiplantae</Org>
 <Org>Embryophyta</Org>
 <Org>Tracheophyta</Org>
 <Org>Spermatophyta</Org>
 <Org>Magnoliophyta</Org>
 <Org>eudicotyledons</Org>
 <Org>Rosidae</Org>
 <Org>eurosids I</Org>
 <Org>Fabales</Org>
 <Org>Fabaceae</Org>
 <Org>Papilionoideae</Org>
 <Org>Vigna</Org>
 <Ref num="1" pos="SEQUENCE FROM N.A">
  <Comment>TISSUE=COTYLEDON</Comment>
  <DB>MEDLINE</DB>
  <MedlineID>91355865</MedlineID>
  <Author>Ishibashi N</Author>
  <Author>Yamauchi D</Author>
  <Author>Miniamikawa T</Author>
  <Cite>Plant Mol. Biol. 15:59-64(1990)</Cite>
 </Ref>
 <EMBL prim_id="X16877" sec_id="CAA34760"></EMBL>
 <PIR prim_id="S11156" sec_id="S11156"></PIR>
 <HSSP prim_id="P45639" sec_id="1CHL"></HSSP>
 <INTERPRO prim_id="IPR002118" sec_id="-"></INTERPRO>
 <PFAM prim_id="PF00304" sec_id="Gamma-thionin" status="1"></PFAM>
 <PROSITE prim_id="PS00940" sec_id="GAMMA_THIONIN" status="1"></PROSITE>
 <Keyword>Germination</Keyword>
 <Keyword>Signal</Keyword>
 <Features>
  <SIGNAL from="1" to="?">
   <Descr>POTENTIAL</Descr>
  </SIGNAL>
  <CHAIN from="?" to="75">
   <Descr>10 kDa PROTEIN</Descr>
  </CHAIN>
  <DISULFID from="31" to="75">
   <Descr>BY SIMILARITY</Descr>
  </DISULFID>
  <DISULFID from="42" to="63">
   <Descr>BY SIMILARITY</Descr>
  </DISULFID>
  <DISULFID from="48" to="69">
   <Descr>BY SIMILARITY</Descr>
  </DISULFID>
  <DISULFID from="52" to="71">
   <Descr>BY SIMILARITY</Descr>
  </DISULFID>
 </Features>
</Entry>
<Entry id="110K_PLAKN" class="STANDARD" mtype="PRT" seqlen="296">
 <AC>P13813</AC>
 <Mod date="01-JAN-1990" Rel="13" type="Created"></Mod>
 <Mod date="01-JAN-1990" Rel="13" type="Last sequence update"></Mod>
 <Mod date="01-FEB-1994" Rel="28" type="Last annotation update"></Mod>
 <Descr>110 KDA ANTIGEN (PK110) (FRAGMENT)</Descr>
 <Species>Plasmodium knowlesi</Species>
 <Org>Eukaryota</Org>
 <Org>Alveolata</Org>
 <Org>Apicomplexa</Org>
 <Org>Haemosporida</Org>
 <Org>Plasmodium</Org>
 <Ref num="1" pos="SEQUENCE FROM N.A">
  <DB>MEDLINE</DB>
  <MedlineID>88039002</MedlineID>
  <Author>Perler F.B</Author>
  <Author>Moon A.M</Author>
  <Author>Qiang B.Q</Author>
  <Author>Meda M</Author>
  <Author>Dalton M</Author>
  <Author>Card C</Author>
  <Author>Schmidt-Ullrich R</Author>
  <Author>Wallach D</Author>
  <Author>Lynch J</Author>
  <Author>Donelson J.E</Author>
  <Cite>Mol. Biochem. Parasitol. 25:185-193(1987)</Cite>
 </Ref>
 <EMBL prim_id="M19152" sec_id="AAA29471"></EMBL>
 <PIR prim_id="A54527" sec_id="A54527"></PIR>
 <Keyword>Malaria</Keyword>
 <Keyword>Antigen</Keyword>
 <Keyword>Repeat</Keyword>
 <Features>
  <NON_TER from="1" to="1"></NON_TER>
  <DOMAIN from="131" to="296">
   <Descr>13.5 X 12 AA TANDEM REPEATS OF E-E-T-Q-K-</Descr>
   <Descr>T-V-E-P-E-Q-T</Descr>
  </DOMAIN>
 </Features>
</Entry>
<Entry id="11S3_HELAN" class="STANDARD" mtype="PRT" seqlen="493">
 <AC>P19084</AC>
 <Mod date="01-NOV-1990" Rel="16" type="Created"></Mod>
 <Mod date="01-NOV-1990" Rel="16" type="Last sequence update"></Mod>
 <Mod date="30-MAY-2000" Rel="39" type="Last annotation update"></Mod>
 <Descr>11S GLOBULIN SEED STORAGE PROTEIN G3 PRECURSOR (HELIANTHININ G3)</Descr>
 <Gene>HAG3</Gene>
 <Species>Helianthus annuus (Common sunflower)</Species>
 <Org>Eukaryota</Org>
 <Org>Viridiplantae</Org>
 <Org>Embryophyta</Org>
 <Org>Tracheophyta</Org>
 <Org>Spermatophyta</Org>
 <Org>Magnoliophyta</Org>
 <Org>eudicotyledons</Org>
 <Org>Asteridae</Org>
 <Org>euasterids II</Org>
 <Org>Asterales</Org>
 <Org>Asteraceae</Org>
 <Org>Asteroideae</Org>
 <Org>Heliantheae</Org>
 <Org>Helianthus</Org>
 <Ref num="1" pos="SEQUENCE FROM N.A">
  <DB>MEDLINE</DB>
  <MedlineID>89232734</MedlineID>
  <Author>Vonder Haar R.A</Author>
  <Author>Allen R.D</Author>
  <Author>Cohen E.A</Author>
  <Author>Nessler C.L</Author>
  <Author>Thomas T.L</Author>
  <Cite>Gene 74:433-443(1988)</Cite>
 </Ref>
 <EMBL prim_id="M28832" sec_id="AAA33374"></EMBL>
 <PIR prim_id="JA0089" sec_id="JA0089"></PIR>
 <INTERPRO prim_id="IPR000459" sec_id="-"></INTERPRO>
 <PFAM prim_id="PF00190" sec_id="Seedstore_11s" status="1"></PFAM>
 <PRINTS prim_id="PR00439" sec_id="11SGLOBULIN"></PRINTS>
 <PROSITE prim_id="PS00305" sec_id="11S_SEED_STORAGE" status="1"></PROSITE>
 <Keyword>Seed storage protein</Keyword>
 <Keyword>Multigene family</Keyword>
 <Keyword>Signal</Keyword>
 <Features>
  <SIGNAL from="1" to="20"></SIGNAL>
  <CHAIN from="21" to="305">
   <Descr>ACIDIC CHAIN</Descr>
  </CHAIN>
  <CHAIN from="306" to="493">
   <Descr>BASIC CHAIN</Descr>
  </CHAIN>
  <DISULFID from="103" to="312">
   <Descr>INTERCHAIN (ACIDIC-BASIC) (POTENTIAL)</Descr>
  </DISULFID>
  <DOMAIN from="23" to="35">
   <Descr>GLN-RICH</Descr>
  </DOMAIN>
  <DOMAIN from="111" to="127">
   <Descr>GLN/GLY-RICH</Descr>
  </DOMAIN>
  <DOMAIN from="191" to="297">
   <Descr>GLN-RICH</Descr>
  </DOMAIN>
 </Features>
</Entry>
<Entry id="11SB_CUCMA" class="STANDARD" mtype="PRT" seqlen="480">
 <AC>P13744</AC>
 <Mod date="01-JAN-1990" Rel="13" type="Created"></Mod>
 <Mod date="01-JAN-1990" Rel="13" type="Last sequence update"></Mod>
 <Mod date="01-NOV-1990" Rel="16" type="Last annotation update"></Mod>
 <Descr>11S GLOBULIN BETA SUBUNIT PRECURSOR</Descr>
 <Species>Cucurbita maxima (Pumpkin) (Winter squash)</Species>
 <Org>Eukaryota</Org>
 <Org>Viridiplantae</Org>
 <Org>Embryophyta</Org>
 <Org>Tracheophyta</Org>
 <Org>Spermatophyta</Org>
 <Org>Magnoliophyta</Org>
 <Org>eudicotyledons</Org>
 <Org>Rosidae</Org>
 <Org>eurosids I</Org>
 <Org>Cucurbitales</Org>
 <Org>Cucurbitaceae</Org>
 <Org>Cucurbita</Org>
 <Ref num="1" pos="SEQUENCE FROM N.A">
  <Comment>STRAIN=CV. KUROKAWA AMAKURI NANKIN</Comment>
  <DB>MEDLINE</DB>
  <MedlineID>88166744</MedlineID>
  <Author>Hayashi M</Author>
  <Author>Mori H</Author>
  <Author>Nishimura M</Author>
  <Author>Akazawa T</Author>
  <Author>Hara-Nishimura I</Author>
  <Cite>Eur. J. Biochem. 172:627-632(1988)</Cite>
 </Ref>
 <Ref num="2" pos="SEQUENCE OF 22-30 AND 297-302">
  <Author>Ohmiya M</Author>
  <Author>Hara I</Author>
  <Author>Mastubara H</Author>
  <Cite>Plant Cell Physiol. 21:157-167(1980)</Cite>
 </Ref>
 <EMBL prim_id="M36407" sec_id="AAA33110"></EMBL>
 <PIR prim_id="S00366" sec_id="FWPU1B"></PIR>
 <INTERPRO prim_id="IPR000459" sec_id="-"></INTERPRO>
 <PFAM prim_id="PF00190" sec_id="Seedstore_11s" status="1"></PFAM>
 <PRINTS prim_id="PR00439" sec_id="11SGLOBULIN"></PRINTS>
 <PROSITE prim_id="PS00305" sec_id="11S_SEED_STORAGE" status="1"></PROSITE>
 <Keyword>Seed storage protein</Keyword>
 <Keyword>Signal</Keyword>
 <Features>
  <SIGNAL from="1" to="21"></SIGNAL>
  <CHAIN from="22" to="480">
   <Descr>11S GLOBULIN BETA SUBUNIT</Descr>
  </CHAIN>
  <CHAIN from="22" to="296">
   <Descr>GAMMA CHAIN (ACIDIC)</Descr>
  </CHAIN>
  <CHAIN from="297" to="480">
   <Descr>DELTA CHAIN (BASIC)</Descr>
  </CHAIN>
  <MOD_RES from="22" to="22">
   <Descr>PYRROLIDONE CARBOXYLIC ACID</Descr>
  </MOD_RES>
  <DISULFID from="124" to="303">
   <Descr>INTERCHAIN (GAMMA-DELTA) (POTENTIAL)</Descr>
  </DISULFID>
  <CONFLICT from="27" to="27">
   <Descr>S -> E (IN REF. 2)</Descr>
  </CONFLICT>
  <CONFLICT from="30" to="30">
   <Descr>E -> S (IN REF. 2)</Descr>
  </CONFLICT>
 </Features>
</Entry>
<Entry id="120K_RICRI" class="STANDARD" mtype="PRT" seqlen="1300">
 <AC>P14914</AC>
 <Mod date="01-APR-1990" Rel="14" type="Created"></Mod>
 <Mod date="01-FEB-1996" Rel="33" type="Last sequence update"></Mod>
 <Mod date="01-FEB-1996" Rel="33" type="Last annotation update"></Mod>
 <Descr>120 KDA SURFACE-EXPOSED PROTEIN</Descr>
 <Gene>P120</Gene>
 <Species>Rickettsia rickettsii</Species>
 <Org>Bacteria</Org>
 <Org>Proteobacteria</Org>
 <Org>alpha subdivision</Org>
 <Org>Rickettsiales</Org>
 <Org>Rickettsiaceae</Org>
 <Org>Rickettsieae</Org>
 <Org>Rickettsia</Org>
 <Ref num="1" pos="SEQUENCE FROM N.A">
  <Comment>STRAIN=R</Comment>
  <DB>MEDLINE</DB>
  <MedlineID>90136087</MedlineID>
  <Author>Gilmore R.D. Jr</Author>
  <Author>Joste N</Author>
  <Author>McDonald G.A</Author>
  <Cite>Mol. Microbiol. 3:1579-1586(1989)</Cite>
 </Ref>
 <EMBL prim_id="X16353" sec_id="CAA34402"></EMBL>
 <PIR prim_id="S07575" sec_id="S07575"></PIR>
 <Keyword>Antigen</Keyword>
 <Keyword>Glycoprotein</Keyword>
 <Keyword>S-layer</Keyword>
 <Features>
  <CARBOHYD from="7" to="7">
   <Descr>POTENTIAL</Descr>
  </CARBOHYD>
  <CARBOHYD from="66" to="66">
   <Descr>POTENTIAL</Descr>
  </CARBOHYD>
  <CARBOHYD from="86" to="86">
   <Descr>POTENTIAL</Descr>
  </CARBOHYD>
  <CARBOHYD from="103" to="103">
   <Descr>POTENTIAL</Descr>
  </CARBOHYD>
  <CARBOHYD from="147" to="147">
   <Descr>POTENTIAL</Descr>
  </CARBOHYD>
  <CARBOHYD from="268" to="268">
   <Descr>POTENTIAL</Descr>
  </CARBOHYD>
  <CARBOHYD from="330" to="330">
   <Descr>POTENTIAL</Descr>
  </CARBOHYD>
  <CARBOHYD from="375" to="375">
   <Descr>POTENTIAL</Descr>
  </CARBOHYD>
  <CARBOHYD from="415" to="415">
   <Descr>POTENTIAL</Descr>
  </CARBOHYD>
  <CARBOHYD from="424" to="424">
   <Descr>POTENTIAL</Descr>
  </CARBOHYD>
  <CARBOHYD from="430" to="430">
   <Descr>POTENTIAL</Descr>
  </CARBOHYD>
  <CARBOHYD from="436" to="436">
   <Descr>POTENTIAL</Descr>
  </CARBOHYD>
  <CARBOHYD from="444" to="444">
   <Descr>POTENTIAL</Descr>
  </CARBOHYD>
  <CARBOHYD from="515" to="515">
   <Descr>POTENTIAL</Descr>
  </CARBOHYD>
  <CARBOHYD from="547" to="547">
   <Descr>POTENTIAL</Descr>
  </CARBOHYD>
  <CARBOHYD from="593" to="593">
   <Descr>POTENTIAL</Descr>
  </CARBOHYD>
  <CARBOHYD from="655" to="655">
   <Descr>POTENTIAL</Descr>
  </CARBOHYD>
  <CARBOHYD from="698" to="698">
   <Descr>POTENTIAL</Descr>
  </CARBOHYD>
  <CARBOHYD from="710" to="710">
   <Descr>POTENTIAL</Descr>
  </CARBOHYD>
  <CARBOHYD from="799" to="799">
   <Descr>POTENTIAL</Descr>
  </CARBOHYD>
  <CARBOHYD from="800" to="800">
   <Descr>POTENTIAL</Descr>
  </CARBOHYD>
  <CARBOHYD from="826" to="826">
   <Descr>POTENTIAL</Descr>
  </CARBOHYD>
  <CARBOHYD from="844" to="844">
   <Descr>POTENTIAL</Descr>
  </CARBOHYD>
  <CARBOHYD from="861" to="861">
   <Descr>POTENTIAL</Descr>
  </CARBOHYD>
  <CARBOHYD from="879" to="879">
   <Descr>POTENTIAL</Descr>
  </CARBOHYD>
  <CARBOHYD from="920" to="920">
   <Descr>POTENTIAL</Descr>
  </CARBOHYD>
  <CARBOHYD from="926" to="926">
   <Descr>POTENTIAL</Descr>
  </CARBOHYD>
  <CARBOHYD from="1116" to="1116">
   <Descr>POTENTIAL</Descr>
  </CARBOHYD>
  <CARBOHYD from="1128" to="1128">
   <Descr>POTENTIAL</Descr>
  </CARBOHYD>
  <CARBOHYD from="1140" to="1140">
   <Descr>POTENTIAL</Descr>
  </CARBOHYD>
  <CARBOHYD from="1146" to="1146">
   <Descr>POTENTIAL</Descr>
  </CARBOHYD>
  <CARBOHYD from="1211" to="1211">
   <Descr>POTENTIAL</Descr>
  </CARBOHYD>
 </Features>
</Entry>
<Entry id="128U_DROME" class="STANDARD" mtype="PRT" seqlen="368">
 <AC>P32234</AC>
 <Mod date="01-OCT-1993" Rel="27" type="Created"></Mod>
 <Mod date="01-OCT-1993" Rel="27" type="Last sequence update"></Mod>
 <Mod date="01-FEB-1996" Rel="33" type="Last annotation update"></Mod>
 <Descr>GTP-BINDING PROTEIN 128UP</Descr>
 <Gene>128UP OR GTP-BP</Gene>
 <Species>Drosophila melanogaster (Fruit fly)</Species>
 <Org>Eukaryota</Org>
 <Org>Metazoa</Org>
 <Org>Arthropoda</Org>
 <Org>Tracheata</Org>
 <Org>Hexapoda</Org>
 <Org>Insecta</Org>
 <Org>Pterygota</Org>
 <Org>Neoptera</Org>
 <Org>Endopterygota</Org>
 <Org>Diptera</Org>
 <Org>Brachycera</Org>
 <Org>Muscomorpha</Org>
 <Org>Ephydroidea</Org>
 <Org>Drosophilidae</Org>
 <Org>Drosophila</Org>
 <Ref num="1" pos="SEQUENCE FROM N.A">
  <Comment>STRAIN=OREGON-R</Comment>
  <DB>MEDLINE</DB>
  <MedlineID>94166747</MedlineID>
  <Author>Sommer K.A</Author>
  <Author>Petersen G</Author>
  <Author>Bautz E.K.F</Author>
  <Cite>Mol. Gen. Genet. 242:391-398(1994)</Cite>
 </Ref>
 <EMBL prim_id="X71866" sec_id="CAA50701"></EMBL>
 <PIR prim_id="S33467" sec_id="S33467"></PIR>
 <PIR prim_id="S42582" sec_id="S42582"></PIR>
 <FLYBASE prim_id="FBgn0010339" sec_id="128up"></FLYBASE>
 <INTERPRO prim_id="IPR000765" sec_id="-"></INTERPRO>
 <PFAM prim_id="PF01018" sec_id="GTP1_OBG" status="1"></PFAM>
 <PRINTS prim_id="PR00326" sec_id="GTP1OBG"></PRINTS>
 <PROSITE prim_id="PS00905" sec_id="GTP1_OBG" status="1"></PROSITE>
 <Keyword>GTP-binding</Keyword>
 <Features>
  <NP_BIND from="71" to="78">
   <Descr>GTP (BY SIMILARITY)</Descr>
  </NP_BIND>
  <NP_BIND from="117" to="121">
   <Descr>GTP (BY SIMILARITY)</Descr>
  </NP_BIND>
  <NP_BIND from="248" to="251">
   <Descr>GTP (BY SIMILARITY)</Descr>
  </NP_BIND>
 </Features>
</Entry>

</root>
